0,1778229651111,1778229651252,0,0,141,141,53,mobile
1,1778229653112,1778229653095,0,0,-17,-17,69,mobile
2,1778229655113,1778229655137,0,0,24,24,48,mobile
3,1778229657114,1778229657110,0,0,-4,-4,50,mobile
4,1778229659114,1778229659113,0,0,-1,-1,100,mobile
5,1778229661115,1778229661177,0,0,62,62,95,mobile
6,1778229663116,1778229663154,0,0,38,38,81,mobile
7,1778229665116,1778229665140,0,0,24,24,18,mobile
8,1778229667117,1778229667134,0,0,17,17,24,mobile
9,1778229669118,1778229669173,0,0,55,55,74,mobile
10,1778229671118,1778229671122,0,0,4,4,86,mobile
11,1778229673119,1778229673161,0,0,42,42,34,mobile
12,1778229675120,1778229675210,0,0,90,90,42,mobile
13,1778229677121,1778229677167,0,0,46,46,80,mobile
14,1778229679122,1778229679209,0,0,87,87,45,mobile
15,1778229681122,1778229681247,0,0,125,125,14,mobile
16,1778229683123,1778229683197,0,0,74,74,80,mobile
17,1778229685123,1778229685152,0,0,29,29,44,mobile
18,1778229687124,1778229687135,0,0,11,11,13,mobile
19,1778229689125,1778229689335,0,0,210,210,62,mobile
20,1778229691126,1778229691182,0,0,56,56,8,mobile
21,1778229693130,1778229693127,0,0,-3,-3,88,mobile
22,1778229695131,1778229695184,0,0,53,53,89,mobile
23,1778229697132,1778229697120,0,0,-12,-12,52,mobile
24,1778229699132,1778229699171,0,0,39,39,65,mobile
25,1778229701133,1778229701221,0,0,88,88,27,mobile
26,1778229703134,1778229703163,0,0,29,29,90,mobile
27,1778229705136,1778229705417,0,0,281,281,33,mobile
28,1778229707136,1778229707157,0,0,21,21,72,mobile
29,1778229709137,1778229709408,0,0,271,271,12,mobile
30,1778229711138,1778229711150,0,0,12,12,66,mobile
31,1778229713139,1778229713405,0,0,266,266,8,mobile
32,1778229715139,1778229715144,0,0,5,5,63,mobile
0,1778229715910,1778229715970,-11,1,70,60,64,work
1,1778229717911,1778229717914,-11,0,14,3,87,work
2,1778229719911,1778229719952,-14,0,55,41,10,work
3,1778229721911,1778229721926,7,1,7,15,15,work
4,1778229723912,1778229724129,60,1,156,217,61,work
5,1778229725912,1778229726224,60,1,251,312,100,work
6,1778229727913,1778229728043,-8,0,138,130,7,work
7,1778229729913,1778229730098,109,2,74,185,52,work
8,1778229731914,1778229732367,221,1,231,453,37,work
9,1778229733914,1778229734041,-6,0,133,127,4,work
10,1778229735915,1778229736042,29,0,98,127,57,work
11,1778229737915,1778229738052,88,0,49,137,88,work
12,1778229739916,1778229740257,131,0,210,341,70,work
13,1778229741917,1778229742024,-9,1,115,107,34,work
14,1778229743917,1778229744040,31,1,91,123,32,work
15,1778229745918,1778229745994,-11,0,87,76,72,work
16,1778229747918,1778229748272,175,0,179,354,37,work
17,1778229749919,1778229750163,197,0,47,244,67,work
18,1778229751920,1778229752120,67,0,133,200,60,work
19,1778229753920,1778229754324,121,0,283,404,100,work
20,1778229755921,1778229756006,-9,0,94,85,79,work
21,1778229757922,1778229757946,-9,0,33,24,86,work
22,1778229759924,1778229759997,-9,0,82,73,2,work
23,1778229761925,1778229762071,18,0,128,146,9,work
24,1778229763925,1778229763988,-4,0,67,63,25,work
25,1778229765926,1778229766192,64,0,202,266,53,work
26,1778229767926,1778229768088,-11,0,173,162,8,work
27,1778229769928,1778229770040,9,0,103,112,41,work
28,1778229771930,1778229771976,5,0,41,46,14,work
29,1778229773931,1778229774180,34,0,215,249,49,work
30,1778229775932,1778229775975,-2,0,45,43,96,work
31,1778229777932,1778229778177,86,0,159,245,43,work
32,1778229779933,1778229779964,-9,1,39,31,65,work
33,1778229781933,1778229782216,253,0,30,283,71,work
34,1778229783934,1778229783958,-4,0,28,24,67,work
35,1778229785935,1778229786005,-6,0,76,70,47,work
36,1778229787935,1778229787925,-8,1,-3,-10,93,work
37,1778229789936,1778229790003,-5,0,72,67,89,work
38,1778229791937,1778229791951,7,1,6,14,39,work
39,1778229793937,1778229793976,-4,0,43,39,94,work
40,1778229795938,1778229796180,21,0,221,242,68,work
41,1778229797939,1778229797987,-6,1,53,48,11,work
42,1778229799939,1778229800191,69,0,183,252,47,work
0,1778229802162,1778229802186,12,1,11,24,22,home
1,1778229804163,1778229804391,58,1,169,228,25,home
2,1778229806163,1778229806180,18,0,-1,17,70,home
3,1778229808164,1778229808380,43,0,173,216,14,home
4,1778229810164,1778229810282,69,1,48,118,70,home
5,1778229812165,1778229812281,87,1,28,116,11,home
6,1778229814166,1778229814382,188,0,28,216,30,home
7,1778229816166,1778229816419,224,1,28,253,58,home
8,1778229818167,1778229818269,107,0,-5,102,79,home
9,1778229820167,1778229820312,84,1,60,145,21,home
10,1778229822168,1778229822258,50,1,39,90,53,home
11,1778229824169,1778229824360,35,0,156,191,15,home
12,1778229826169,1778229826267,44,0,54,98,89,home
13,1778229828170,1778229828199,17,1,11,29,29,home
14,1778229830170,1778229830607,257,1,179,437,89,home
15,1778229832171,1778229832312,47,1,93,141,88,home
16,1778229834172,1778229834246,38,0,36,74,61,home
17,1778229836172,1778229836334,44,1,117,162,38,home
18,1778229838173,1778229838340,38,0,129,167,12,home
19,1778229840173,1778229840394,47,0,174,221,85,home
20,1778229842174,1778229842355,66,1,114,181,26,home
21,1778229844175,1778229844800,531,0,94,625,37,home
22,1778229846175,1778229846219,19,0,25,44,16,home
23,1778229848176,1778229848264,17,1,70,88,95,home
24,1778229850176,1778229850212,17,0,19,36,76,home
25,1778229852177,1778229852259,18,0,64,82,25,home
26,1778229854178,1778229854206,23,1,4,28,11,home
27,1778229856178,1778229856197,21,0,-2,19,79,home
28,1778229858179,1778229858198,19,1,-1,19,22,home
29,1778229860180,1778229860401,17,0,204,221,25,home
30,1778229862180,1778229862501,28,1,292,321,48,home
31,1778229864181,1778229864244,17,0,46,63,77,home
32,1778229866181,1778229866710,16,0,513,529,5,home
33,1778229868182,1778229868233,19,0,32,51,79,home
34,1778229870182,1778229870466,114,1,169,284,6,home
35,1778229872183,1778229872229,26,1,19,46,95,home
36,1778229874184,1778229874582,33,1,364,398,91,home
37,1778229876185,1778229876266,32,0,49,81,4,home
38,1778229878186,1778229878274,29,0,59,88,54,home
39,1778229880186,1778229880216,18,0,12,30,54,home
40,1778229882187,1778229882270,14,0,69,83,44,home
33,1778229885158,1778229885233,0,0,75,75,56,mobile
34,1778229887159,1778229887281,0,0,122,122,25,mobile
35,1778229889159,1778229889326,0,0,167,167,58,mobile
36,1778229891160,1778229891170,0,0,10,10,99,mobile
37,1778229893161,1778229893634,0,0,473,473,42,mobile
38,1778229895161,1778229895167,0,0,6,6,1,mobile
39,1778229897162,1778229897371,0,0,209,209,84,mobile
40,1778229899163,1778229899979,0,0,816,816,45,mobile
41,1778229901164,1778229901202,0,0,38,38,27,mobile
42,1778229903164,1778229903252,0,0,88,88,46,mobile
43,1778229905165,1778229905305,0,0,140,140,31,mobile
44,1778229907166,1778229907244,0,0,78,78,73,mobile
45,1778229909167,1778229909191,0,0,24,24,0,mobile
46,1778229911167,1778229911240,0,0,73,73,27,mobile
47,1778229913168,1778229913188,0,0,20,20,31,mobile
48,1778229915169,1778229915231,0,0,62,62,49,mobile
49,1778229917170,1778229917281,0,0,111,111,17,mobile
50,1778229919170,1778229919291,0,0,121,121,38,mobile
51,1778229921171,1778229921174,0,0,3,3,75,mobile
52,1778229923172,1778229923232,0,0,60,60,94,mobile
53,1778229925173,1778229925171,0,0,-2,-2,42,mobile
54,1778229927173,1778229927215,0,0,42,42,14,mobile
55,1778229929174,1778229929418,0,0,244,244,1,mobile
56,1778229931175,1778229931381,0,0,206,206,36,mobile
57,1778229933175,1778229933258,0,0,83,83,52,mobile
58,1778229935176,1778229935739,0,0,563,563,88,mobile
59,1778229937177,1778229937251,0,0,74,74,58,mobile
60,1778229939178,1778229939454,0,0,276,276,19,mobile
61,1778229941178,1778229941245,0,0,67,67,26,mobile
62,1778229943179,1778229943301,0,0,122,122,12,mobile
63,1778229945180,1778229945241,0,0,61,61,38,mobile
64,1778229947181,1778229947293,0,0,112,112,79,mobile
65,1778229949181,1778229949232,0,0,51,51,7,mobile
66,1778229951182,1778229951280,0,0,98,98,25,mobile
67,1778229953183,1778229953228,0,0,45,45,45,mobile
68,1778229955183,1778229955301,0,0,118,118,82,mobile
69,1778229957184,1778229957243,0,0,59,59,49,mobile
70,1778229959185,1778229959267,0,0,82,82,9,mobile
71,1778229961186,1778229961211,0,0,25,25,85,mobile
72,1778229963186,1778229963264,0,0,78,78,91,mobile
73,1778229965187,1778229965307,0,0,120,120,87,mobile
74,1778229967188,1778229967253,0,0,65,65,14,mobile
43,1778229967949,1778229967973,-3,0,27,24,59,work
44,1778229969949,1778229970224,125,0,150,275,30,work
45,1778229971950,1778229971938,-4,0,-8,-12,44,work
46,1778229973950,1778229974036,80,0,6,86,93,work
47,1778229975951,1778229975941,-4,0,-6,-10,100,work
48,1778229977951,1778229978225,211,0,63,274,65,work
49,1778229979952,1778229979962,-4,1,13,10,1,work
50,1778229981952,1778229982463,-1,1,511,511,57,work
51,1778229983953,1778229983944,-6,1,-4,-9,0,work
52,1778229985954,1778229986226,217,0,55,272,89,work
0,1778234046632,1778234046738,44,0,62,106,27,work
1,1778234048633,1778234048661,56,0,-28,28,2,work
2,1778234050633,1778234050629,40,0,-44,-4,41,work
3,1778234052634,1778234052649,42,0,-27,15,53,work
4,1778234054634,1778234054631,26,0,-29,-3,56,work
5,1778234056635,1778234056717,88,1,-7,82,62,work
6,1778234058635,1778234058624,35,0,-46,-11,94,work
7,1778234060636,1778234060643,56,0,-49,7,1,work
8,1778234062636,1778234062636,26,1,-27,0,32,work
9,1778234064637,1778234064618,32,0,-51,-19,62,work
10,1778234066637,1778234066937,329,1,-30,300,92,work
11,1778234068638,1778234068654,33,0,-17,16,18,work
12,1778234070639,1778234070622,27,0,-44,-17,26,work
13,1778234072639,1778234072624,28,1,-44,-15,23,work
14,1778234074640,1778234074622,27,0,-45,-18,98,work
15,1778234076641,1778234076826,127,1,57,185,61,work
16,1778234078641,1778234078688,63,0,-16,47,70,work
17,1778234080642,1778234080641,27,0,-28,-1,26,work
18,1778234082642,1778234082632,40,0,-50,-10,72,work
19,1778234084643,1778234084643,46,0,-46,0,25,work
20,1778234086644,1778234086618,24,0,-50,-26,71,work
21,1778234088644,1778234088887,41,0,202,243,51,work
22,1778234090645,1778234090828,27,1,155,183,28,work
23,1778234092646,1778234092665,27,0,-8,19,76,work
24,1778234094646,1778234094621,27,1,-53,-25,76,work
25,1778234096647,1778234096630,31,0,-48,-17,71,work
26,1778234098647,1778234098707,29,0,31,60,83,work
27,1778234100648,1778234100656,26,0,-18,8,53,work
28,1778234102649,1778234102703,28,1,25,54,7,work
29,1778234104649,1778234104706,104,0,-47,57,70,work
30,1778234106650,1778234106696,27,0,19,46,89,work
31,1778234108651,1778234108960,61,0,248,309,61,work
32,1778234110651,1778234110687,31,0,5,36,22,work
33,1778234112652,1778234112891,30,0,209,239,67,work
34,1778234114652,1778234114892,35,1,204,240,21,work
0,1778234116653,1778234116834,31,1,149,181,20,work
1,1778234118654,1778234118682,33,0,-5,28,93,work
2,1778234120654,1778234120686,84,0,-52,32,70,work
3,1778234122655,1778234122666,25,1,-15,11,53,work
4,1778234124656,1778234124717,49,0,12,61,61,work
5,1778234126656,1778234126921,32,0,233,265,52,work
6,1778234128657,1778234128932,28,1,246,275,56,work
7,1778234130657,1778234130656,37,1,-39,-1,72,work
8,1778234132658,1778234132860,54,0,148,202,2,work
9,1778234134659,1778234134653,31,0,-37,-6,98,work
10,1778234136659,1778234136699,55,0,-15,40,12,work
11,1778234138660,1778234138903,57,0,186,243,85,work
12,1778234140660,1778234140693,48,0,-15,33,22,work
13,1778234142661,1778234142939,140,0,138,278,66,work
14,1778234144662,1778234144783,33,1,87,121,99,work
15,1778234146662,1778234146654,34,1,-43,-8,98,work
16,1778234148663,1778234148679,28,1,-13,16,74,work
17,1778234150663,1778234150729,31,1,34,66,42,work
18,1778234152664,1778234152772,33,1,74,108,69,work
19,1778234154665,1778234154724,31,1,27,59,2,work
20,1778234156665,1778234156768,34,0,69,103,66,work
21,1778234158666,1778234158718,29,1,22,52,81,work
22,1778234160667,1778234160762,58,0,37,95,76,work
23,1778234162667,1778234162715,32,1,15,48,70,work
24,1778234164668,1778234164760,51,0,41,92,44,work
25,1778234166668,1778234166705,42,1,-6,37,61,work
26,1778234168669,1778234168703,31,0,3,34,46,work
27,1778234170670,1778234170653,31,1,-49,-17,17,work
28,1778234172670,1778234172679,46,0,-37,9,41,work
29,1778234174671,1778234174648,29,0,-52,-23,55,work
30,1778234176672,1778234176652,28,1,-49,-20,68,work
31,1778234178672,1778234178647,29,0,-54,-25,6,work
0,1778234180338,1778234180320,1,0,-19,-18,71,home
1,1778234182338,1778234182372,28,0,6,34,15,home
2,1778234184339,1778234184325,7,0,-21,-14,34,home
3,1778234186339,1778234186338,26,0,-27,-1,7,home
4,1778234188340,1778234188309,-2,0,-29,-31,4,home
5,1778234190340,1778234190357,7,0,10,17,90,home
6,1778234192341,1778234192407,12,1,53,66,39,home
7,1778234194342,1778234194319,3,1,-27,-23,39,home
0,1778234196342,1778234196704,4,1,357,362,80,home
1,1778234198343,1778234198343,2,1,-3,0,28,home
2,1778234200343,1778234200395,5,0,47,52,47,home
3,1778234202344,1778234202342,1,0,-3,-2,83,home
4,1778234204344,1778234204382,26,1,11,38,23,home
5,1778234206345,1778234206427,29,1,52,82,73,home
6,1778234208346,1778234208376,21,1,8,30,66,home
7,1778234210346,1778234210320,2,0,-28,-26,53,home
8,1778234212347,1778234212372,3,0,22,25,5,home
9,1778234214347,1778234214576,5,0,224,229,26,home
10,1778234216348,1778234216323,1,0,-26,-25,2,home
11,1778234218348,1778234218412,14,0,50,64,52,home
12,1778234220349,1778234220360,-2,0,13,11,52,home
13,1778234222350,1778234222407,1,1,55,57,98,home
14,1778234224350,1778234224456,4,0,102,106,53,home
15,1778234226351,1778234226400,1,1,47,49,13,home
16,1778234228351,1778234228346,2,0,-7,-5,55,home
17,1778234230352,1778234230406,14,1,39,54,90,home
18,1778234232353,1778234232444,1,0,90,91,1,home
19,1778234234353,1778234234388,23,0,12,35,4,home
20,1778234236354,1778234236435,1,0,80,81,94,home
21,1778234238354,1778234238381,6,1,20,27,67,home
22,1778234240355,1778234240343,13,0,-25,-12,71,home
23,1778234242355,1778234242385,16,0,14,30,69,home
24,1778234244356,1778234244423,16,0,51,67,100,home
25,1778234246357,1778234246368,4,0,7,11,7,home
26,1778234248357,1778234248418,43,0,18,61,78,home
27,1778234250358,1778234250364,1,1,4,6,68,home
28,1778234252358,1778234252409,1,0,50,51,17,home
29,1778234254359,1778234254357,1,0,-3,-2,80,home
30,1778234256359,1778234256406,33,0,14,47,90,home
31,1778234258360,1778234258350,1,0,-11,-10,85,home
0,1778234261796,1778234263259,0,0,1463,1463,48,mobile
1,1778234263797,1778234263782,0,0,-15,-15,68,mobile
2,1778234265798,1778234266442,0,0,644,644,78,mobile
3,1778234267798,1778234267797,0,0,-1,-1,29,mobile
4,1778234269799,1778234271102,0,0,1303,1303,46,mobile
5,1778234271800,1778234274200,0,0,2400,2400,85,mobile
6,1778234273801,1778234274347,0,0,546,546,67,mobile
7,1778234275801,1778234277278,0,0,1477,1477,61,mobile
8,1778234277802,1778234277803,0,0,1,1,87,mobile
9,1778234279803,1778234279856,0,0,53,53,8,mobile
10,1778234281804,1778234281802,0,0,-2,-2,22,mobile
11,1778234283804,1778234283852,0,0,48,48,77,mobile
12,1778234285805,1778234285798,0,0,-7,-7,99,mobile
13,1778234287806,1778234287841,0,0,35,35,26,mobile
14,1778234289807,1778234289893,0,0,86,86,48,mobile
0,1778234291807,1778234291838,0,0,31,31,76,mobile
1,1778234293808,1778234294100,0,0,292,292,89,mobile
2,1778234295809,1778234295829,0,0,20,20,35,mobile
3,1778234297810,1778234298033,0,0,223,223,72,mobile
4,1778234299810,1778234299820,0,0,10,10,61,mobile
5,1778234301811,1778234301871,0,0,60,60,38,mobile
6,1778234303812,1778234303908,0,0,96,96,9,mobile
7,1778234305813,1778234305867,0,0,54,54,43,mobile
8,1778234307814,1778234307832,0,0,18,18,19,mobile
9,1778234309814,1778234309829,0,0,15,15,11,mobile
10,1778234311815,1778234311821,0,0,6,6,47,mobile
11,1778234313816,1778234316364,0,0,2548,2548,37,mobile
12,1778234315817,1778234316387,0,0,570,570,7,mobile
13,1778234317817,1778234317845,0,0,28,28,54,mobile
14,1778234319818,1778234319897,0,0,79,79,71,mobile
15,1778234321819,1778234321944,0,0,125,125,99,mobile
16,1778234323820,1778234323794,0,0,-26,-26,39,mobile
17,1778234325821,1778234326035,0,0,214,214,46,mobile
18,1778234327821,1778234327876,0,0,55,55,30,mobile
19,1778234329822,1778234329929,0,0,107,107,54,mobile
20,1778234331823,1778234331818,0,0,-5,-5,84,mobile
21,1778234333824,1778234333877,0,0,53,53,55,mobile
22,1778234335824,1778234335972,0,0,148,148,6,mobile
23,1778234337825,1778234337911,0,0,86,86,71,mobile
24,1778234339826,1778234339861,0,0,35,35,47,mobile
25,1778234341827,1778234341910,0,0,83,83,29,mobile
26,1778234343827,1778234343868,0,0,41,41,26,mobile
27,1778234345828,1778234346072,0,0,244,244,69,mobile
28,1778234347829,1778234347847,0,0,18,18,35,mobile
29,1778234349829,1778234349914,0,0,85,85,28,mobile
30,1778234351830,1778234351843,0,0,13,13,5,mobile
31,1778234353831,1778234353889,0,0,58,58,71,mobile
32,1778234355832,1778234355946,0,0,114,114,86,mobile
0,1778234356683,1778234356856,31,0,142,173,22,work
1,1778234358684,1778234358702,36,0,-18,18,46,work
2,1778234360684,1778234360686,41,0,-39,2,96,work
3,1778234362685,1778234362710,52,0,-27,25,40,work
4,1778234364685,1778234364749,67,0,-3,64,92,work
5,1778234366686,1778234366726,35,1,4,40,30,work
6,1778234368687,1778234368691,56,0,-52,4,60,work
7,1778234370687,1778234370675,35,1,-48,-12,62,work
8,1778234372688,1778234372733,35,0,10,45,30,work
9,1778234374688,1778234374780,56,0,36,92,100,work
10,1778234376689,1778234376730,36,0,5,41,65,work
11,1778234378690,1778234378776,39,0,47,86,45,work
12,1778234380690,1778234380723,35,1,-3,33,98,work
0,1778234382691,1778234382770,35,0,44,79,53,work
1,1778234384692,1778234384711,28,1,-10,19,28,work
2,1778234386692,1778234386759,98,0,-31,67,74,work
3,1778234388693,1778234388711,35,1,-18,18,41,work
4,1778234390693,1778234390752,37,0,22,59,63,work
5,1778234392694,1778234392803,32,1,76,109,9,work
6,1778234394695,1778234394849,61,1,92,154,74,work
7,1778234396695,1778234396692,35,1,-39,-3,11,work
8,1778234398696,1778234398742,35,1,10,46,71,work
9,1778234400696,1778234400791,37,1,57,95,60,work
10,1778234402697,1778234402747,35,1,14,50,51,work
11,1778234404698,1778234404950,57,0,195,252,56,work
12,1778234406698,1778234406835,53,1,83,137,27,work
13,1778234408699,1778234408898,48,1,150,199,45,work
14,1778234410700,1778234410943,35,0,208,243,0,work
15,1778234412700,1778234412683,35,1,-53,-17,60,work
16,1778234414701,1778234414712,37,0,-26,11,79,work
17,1778234416701,1778234416941,36,0,204,240,64,work
18,1778234418702,1778234418900,32,1,165,198,0,work
19,1778234420703,1778234420774,35,0,36,71,24,work
20,1778234422704,1778234422711,35,0,-28,7,62,work
21,1778234424704,1778234424760,36,1,19,56,76,work
22,1778234426705,1778234426801,38,1,57,96,23,work
23,1778234428705,1778234428748,36,0,7,43,78,work
24,1778234430706,1778234430802,32,1,63,96,65,work
25,1778234432707,1778234432737,37,0,-7,30,27,work
26,1778234434707,1778234434795,75,0,13,88,93,work
27,1778234436708,1778234436731,36,0,-13,23,50,work
28,1778234438708,1778234438781,36,0,37,73,77,work
29,1778234440709,1778234440726,41,0,-24,17,52,work
30,1778234442710,1778234442931,35,1,185,221,2,work
31,1778234444710,1778234444830,36,0,84,120,91,work
32,1778234446711,1778234446770,88,1,-30,59,50,work
0,1778234448371,1778234448554,13,0,170,183,71,home
1,1778234450372,1778234450454,3,0,79,82,25,home
2,1778234452373,1778234452504,10,1,120,131,100,home
3,1778234454373,1778234454708,74,0,261,335,90,home
4,1778234456374,1778234456495,81,0,40,121,3,home
5,1778234458374,1778234458581,2,0,205,207,4,home
6,1778234460375,1778234460588,-1,0,214,213,4,home
7,1778234462375,1778234462649,107,0,167,274,4,home
8,1778234464376,1778234464495,1,1,117,119,53,home
0,1778234466376,1778234466533,52,1,104,157,90,home
1,1778234468377,1778234468582,19,1,185,205,14,home
2,1778234470377,1778234470428,14,0,37,51,31,home
3,1778234472378,1778234472632,-1,0,255,254,8,home
4,1778234474379,1778234474427,15,0,33,48,71,home
5,1778234476379,1778234476630,5,0,246,251,88,home
6,1778234478380,1778234478835,17,0,438,455,18,home
7,1778234480380,1778234480470,23,0,67,90,19,home
8,1778234482381,1778234482518,1,0,136,137,56,home
9,1778234484381,1778234484554,-1,1,173,173,75,home
10,1778234486382,1778234486408,-1,0,27,26,26,home
11,1778234488383,1778234488458,-1,0,76,75,25,home
12,1778234490383,1778234490391,-1,0,9,8,30,home
13,1778234492384,1778234492359,-1,0,-24,-25,96,home
14,1778234494384,1778234494361,0,1,-24,-23,80,home
15,1778234496385,1778234496440,-1,0,56,55,90,home
16,1778234498386,1778234498379,0,1,-8,-7,98,home
17,1778234500386,1778234500429,8,1,34,43,77,home
18,1778234502387,1778234502385,-2,1,-1,-2,57,home
19,1778234504387,1778234504435,1,1,46,48,37,home
20,1778234506388,1778234506639,-1,0,252,251,72,home
21,1778234508388,1778234508412,7,1,16,24,45,home
22,1778234510389,1778234510428,-1,1,39,39,71,home
23,1778234512390,1778234512415,-2,0,27,25,21,home
24,1778234514390,1778234514415,15,0,10,25,99,home
25,1778234516391,1778234516500,1,0,108,109,2,home
26,1778234518391,1778234518547,-1,0,157,156,49,home
27,1778234520392,1778234520402,5,1,4,10,99,home
28,1778234522393,1778234522448,32,0,23,55,50,home
29,1778234524393,1778234524380,-1,0,-12,-13,99,home
30,1778234526394,1778234526450,23,0,33,56,8,home
31,1778234528394,1778234528437,-1,0,44,43,37,home
0,1778234531844,1778234531862,0,0,18,18,21,mobile
1,1778234533845,1778234533918,0,0,73,73,93,mobile
2,1778234535845,1778234535857,0,0,12,12,46,mobile
3,1778234537846,1778234539440,0,0,1594,1594,79,mobile
4,1778234539847,1778234539861,0,0,14,14,12,mobile
5,1778234541848,1778234541870,0,0,22,22,80,mobile
6,1778234543848,1778234543842,0,0,-6,-6,80,mobile
7,1778234545850,1778234545889,0,0,39,39,96,mobile
8,1778234547850,1778234547836,0,0,-14,-14,77,mobile
0,1778234549851,1778234549894,0,0,43,43,51,mobile
1,1778234551852,1778234551953,0,0,101,101,42,mobile
2,1778234553853,1778234553894,0,0,41,41,78,mobile
3,1778234555853,1778234555924,0,0,71,71,84,mobile
4,1778234557856,1778234557889,0,0,33,33,65,mobile
5,1778234559856,1778234559869,0,0,13,13,20,mobile
6,1778234561857,1778234561933,0,0,76,76,97,mobile
7,1778234563858,1778234563828,0,0,-30,-30,10,mobile
8,1778234565859,1778234566061,0,0,202,202,8,mobile
9,1778234567859,1778234567908,0,0,49,49,21,mobile
10,1778234569860,1778234570002,0,0,142,142,71,mobile
11,1778234571861,1778234571920,0,0,59,59,78,mobile
12,1778234573861,1778234573844,0,0,-17,-17,45,mobile
13,1778234575862,1778234575865,0,0,3,3,56,mobile
14,1778234577863,1778234577946,0,0,83,83,90,mobile
15,1778234579864,1778234579891,0,0,27,27,16,mobile
16,1778234581864,1778234581936,0,0,72,72,87,mobile
17,1778234583865,1778234583886,0,0,21,21,46,mobile
18,1778234585866,1778234585936,0,0,70,70,96,mobile
19,1778234587867,1778234587978,0,0,111,111,8,mobile
20,1778234589867,1778234589926,0,0,59,59,90,mobile
21,1778234591868,1778234591886,0,0,18,18,40,mobile
22,1778234593869,1778234595652,0,0,1783,1783,99,mobile
23,1778234595870,1778234595865,0,0,-5,-5,46,mobile
24,1778234597870,1778234597909,0,0,39,39,37,mobile
25,1778234599871,1778234599957,0,0,86,86,86,mobile
26,1778234601872,1778234601935,0,0,63,63,0,mobile
27,1778234603873,1778234603953,0,0,80,80,87,mobile
28,1778234605873,1778234605903,0,0,30,30,42,mobile
29,1778234607874,1778234608107,0,0,233,233,48,mobile
30,1778234609875,1778234609902,0,0,27,27,32,mobile
31,1778234611876,1778234611947,0,0,71,71,27,mobile
0,1778234614722,1778234614919,75,0,122,197,12,work
1,1778234616722,1778234616872,37,0,113,150,59,work
2,1778234618722,1778234618812,47,1,42,90,41,work
3,1778234620723,1778234620760,37,1,-1,37,21,work
4,1778234622723,1778234622797,38,1,35,74,97,work
5,1778234624724,1778234624741,46,0,-29,17,38,work
6,1778234626724,1778234626783,38,0,21,59,84,work
7,1778234628725,1778234628831,38,0,68,106,64,work
8,1778234630725,1778234630791,49,0,17,66,38,work
9,1778234632726,1778234632725,45,0,-46,-1,83,work
0,1778234634726,1778234634771,46,0,-1,45,86,work
1,1778234636727,1778234636832,59,0,46,105,55,work
2,1778234638727,1778234638735,39,0,-31,8,89,work
3,1778234640728,1778234641027,38,0,261,299,52,work
4,1778234642729,1778234642714,39,0,-54,-15,70,work
5,1778234644729,1778234644918,38,1,150,189,33,work
6,1778234646730,1778234646862,37,1,94,132,93,work
7,1778234648730,1778234648716,38,0,-52,-14,35,work
8,1778234650731,1778234650959,68,0,160,228,71,work
9,1778234652732,1778234652802,38,0,32,70,25,work
10,1778234654732,1778234654756,47,0,-23,24,33,work
11,1778234656733,1778234656802,50,0,19,69,99,work
12,1778234658733,1778234658734,39,0,-38,1,71,work
13,1778234660734,1778234660786,48,0,4,52,45,work
14,1778234662735,1778234662834,55,0,44,99,58,work
15,1778234664735,1778234664846,57,0,54,111,86,work
16,1778234666736,1778234666858,38,1,83,122,6,work
17,1778234668736,1778234668822,32,1,53,86,16,work
18,1778234670737,1778234670822,36,1,48,85,91,work
19,1778234672738,1778234672795,38,0,19,57,56,work
20,1778234674738,1778234674827,39,0,50,89,100,work
21,1778234676739,1778234676762,38,1,-16,23,98,work
22,1778234678739,1778234678966,39,1,187,227,80,work
23,1778234680740,1778234680766,48,0,-22,26,38,work
24,1778234682741,1778234682863,38,1,83,122,94,work
25,1778234684741,1778234684847,39,0,67,106,81,work
26,1778234686742,1778234686794,50,0,2,52,92,work
27,1778234688743,1778234688748,38,1,-34,5,54,work
28,1778234690743,1778234690789,38,1,7,46,95,work
29,1778234692744,1778234692846,38,1,63,102,51,work
30,1778234694744,1778234695050,43,0,263,306,0,work
31,1778234696745,1778234696932,63,0,124,187,18,work
32,1778234698746,1778234698879,129,0,4,133,76,work
0,1778234700404,1778234700403,23,1,-25,-1,3,home
1,1778234702405,1778234702669,80,0,184,264,20,home
2,1778234704405,1778234704412,-1,0,8,7,73,home
3,1778234706406,1778234706458,-4,1,55,52,39,home
4,1778234708406,1778234708404,-2,0,0,-2,61,home
5,1778234710407,1778234710458,14,1,36,51,50,home
6,1778234712408,1778234712661,-3,0,256,253,3,home
7,1778234714408,1778234714542,-3,1,136,134,19,home
8,1778234716409,1778234716591,-2,1,183,182,43,home
0,1778234718409,1778234718451,13,0,29,42,25,home
1,1778234720410,1778234720483,2,0,71,73,61,home
2,1778234722411,1778234722432,6,0,15,21,17,home
3,1778234724411,1778234724478,-3,0,70,67,69,home
4,1778234726412,1778234726527,-3,0,118,115,0,home
5,1778234728413,1778234728575,1,1,160,162,94,home
6,1778234730413,1778234730433,9,1,10,20,34,home
7,1778234732414,1778234732466,6,0,46,52,54,home
8,1778234734415,1778234734412,-3,0,0,-3,40,home
9,1778234736415,1778234736461,8,0,38,46,56,home
10,1778234738416,1778234738405,-3,1,-9,-11,65,home
11,1778234740417,1778234740458,-1,1,41,41,78,home
12,1778234742418,1778234742505,-1,0,88,87,72,home
13,1778234744418,1778234744444,-3,1,28,26,50,home
14,1778234746419,1778234746648,3,0,226,229,31,home
15,1778234748420,1778234748441,0,0,21,21,25,home
16,1778234750420,1778234750392,-2,0,-26,-28,7,home
17,1778234752421,1778234752596,-3,0,178,175,44,home
18,1778234754421,1778234754482,1,0,60,61,0,home
19,1778234756422,1778234756545,-3,0,126,123,73,home
20,1778234758422,1778234758749,-1,0,328,327,45,home
21,1778234760423,1778234760420,4,0,-7,-3,95,home
22,1778234762424,1778234762624,23,0,177,200,47,home
23,1778234764424,1778234764398,-3,0,-23,-26,51,home
24,1778234766425,1778234766466,-1,1,41,41,10,home
25,1778234768425,1778234768432,-3,0,10,7,82,home
26,1778234770426,1778234770464,-2,0,40,38,41,home
27,1778234772426,1778234772506,0,0,80,80,71,home
28,1778234774427,1778234774459,-1,1,32,32,13,home
29,1778234776428,1778234776499,-3,0,74,71,90,home
30,1778234778428,1778234778458,-1,0,31,30,6,home
31,1778234780429,1778234780498,11,0,58,69,88,home
32,1778234782429,1778234782435,-3,0,9,6,89,home
0,1778234783887,1778234784096,0,0,209,209,70,mobile
1,1778234785888,1778234785918,0,0,30,30,6,mobile
2,1778234787889,1778234787926,0,0,37,37,16,mobile
3,1778234789890,1778234789857,0,0,-33,-33,84,mobile
4,1778234791891,1778234791867,0,0,-24,-24,85,mobile
5,1778234793892,1778234795210,0,0,1318,1318,57,mobile
6,1778234795893,1778234798365,0,0,2472,2472,65,mobile
7,1778234797893,1778234798452,0,0,559,559,18,mobile
8,1778234799894,1778234799951,0,0,57,57,10,mobile
9,1778234801896,1778234802009,0,0,113,113,20,mobile
10,1778234803896,1778234803953,0,0,57,57,11,mobile
11,1778234805897,1778234805887,0,0,-10,-10,63,mobile
12,1778234807898,1778234807945,0,0,47,47,84,mobile
13,1778234809899,1778234809869,0,0,-30,-30,31,mobile
14,1778234811899,1778234811874,0,0,-25,-25,58,mobile
15,1778234813900,1778234814078,0,0,178,178,18,mobile
16,1778234815901,1778234815873,0,0,-28,-28,96,mobile
17,1778234817902,1778234817874,0,0,-28,-28,45,mobile
18,1778234819902,1778234819913,0,0,11,11,72,mobile
0,1778234821903,1778234821929,0,0,26,26,62,mobile
1,1778234823904,1778234823912,0,0,8,8,73,mobile
2,1778234825906,1778234826116,0,0,210,210,14,mobile
3,1778234827907,1778234828013,0,0,106,106,87,mobile
4,1778234829908,1778234829969,0,0,61,61,53,mobile
5,1778234831908,1778234831895,0,0,-13,-13,17,mobile
6,1778234833909,1778234833893,0,0,-16,-16,50,mobile
7,1778234835910,1778234835888,0,0,-22,-22,59,mobile
8,1778234837911,1778234837890,0,0,-21,-21,9,mobile
9,1778234839911,1778234840095,0,0,184,184,13,mobile
10,1778234841912,1778234841932,0,0,20,20,98,mobile
11,1778234843913,1778234843991,0,0,78,78,28,mobile
12,1778234845914,1778234846017,0,0,103,103,100,mobile
13,1778234847915,1778234847972,0,0,57,57,68,mobile
14,1778234849915,1778234849883,0,0,-32,-32,84,mobile
15,1778234851916,1778234851977,0,0,61,61,68,mobile
16,1778234853917,1778234853914,0,0,-3,-3,8,mobile
17,1778234855918,1778234855968,0,0,50,50,92,mobile
18,1778234857920,1778234857913,0,0,-7,-7,9,mobile
19,1778234859920,1778234860116,0,0,196,196,38,mobile
20,1778234861921,1778234861925,0,0,4,4,21,mobile
21,1778234863922,1778234863896,0,0,-26,-26,70,mobile
22,1778234865922,1778234865890,0,0,-32,-32,36,mobile
23,1778234867923,1778234867890,0,0,-33,-33,76,mobile
24,1778234869924,1778234869894,0,0,-30,-30,84,mobile
25,1778234871925,1778234871914,0,0,-11,-11,100,mobile
26,1778234873925,1778234873934,0,0,9,9,74,mobile
27,1778234875926,1778234876028,0,0,102,102,31,mobile
0,1778235075320,1778235075308,0,0,-12,-12,33,mobile
1,1778235077321,1778235077362,0,0,41,41,91,mobile
2,1778235079322,1778235079293,0,0,-29,-29,7,mobile
3,1778235081322,1778235081346,0,0,24,24,12,mobile
4,1778235083323,1778235083394,0,0,71,71,18,mobile
5,1778235085324,1778235085341,0,0,17,17,73,mobile
6,1778235087324,1778235087288,0,0,-36,-36,29,mobile
7,1778235089325,1778235089492,0,0,167,167,17,mobile
8,1778235091326,1778235091295,0,0,-31,-31,3,mobile
9,1778235093327,1778235093336,0,0,9,9,51,mobile
10,1778235095327,1778235095354,0,0,27,27,1,mobile
11,1778235097328,1778235097323,0,0,-5,-5,5,mobile
12,1778235099329,1778235099526,0,0,197,197,60,mobile
13,1778235101330,1778235101325,0,0,-5,-5,54,mobile
14,1778235103331,1778235103357,0,0,26,26,6,mobile
15,1778235105331,1778235105411,0,0,80,80,76,mobile
16,1778235107332,1778235107355,0,0,23,23,42,mobile
17,1778235109333,1778235109299,0,0,-34,-34,97,mobile
18,1778235111333,1778235111504,0,0,171,171,18,mobile
19,1778235113334,1778235113396,0,0,62,62,3,mobile
20,1778235115335,1778235115343,0,0,8,8,100,mobile
21,1778235117336,1778235117404,0,0,68,68,6,mobile
22,1778235119337,1778235119314,0,0,-23,-23,7,mobile
23,1778235121337,1778235121385,0,0,48,48,16,mobile
24,1778235123338,1778235123328,0,0,-10,-10,22,mobile
25,1778235125339,1778235125381,0,0,42,42,46,mobile
26,1778235127340,1778235127325,0,0,-15,-15,59,mobile
27,1778235129340,1778235129552,0,0,212,212,51,mobile
28,1778235131341,1778235131433,0,0,92,92,19,mobile
29,1778235133342,1778235133365,0,0,23,23,40,mobile
30,1778235135342,1778235135414,0,0,72,72,83,mobile
31,1778235137343,1778235137459,0,0,116,116,79,mobile
32,1778235139344,1778235139505,0,0,161,161,42,mobile
0,1778235140397,1778235140434,43,0,-6,37,49,work
1,1778235142397,1778235142435,43,0,-5,38,5,work
2,1778235144398,1778235144389,42,0,-51,-9,3,work
3,1778235146399,1778235146473,53,1,20,74,29,work
4,1778235148399,1778235148397,42,1,-45,-2,87,work
5,1778235150400,1778235150403,57,1,-55,3,19,work
6,1778235152400,1778235152414,47,1,-34,14,29,work
7,1778235154401,1778235154651,40,1,209,250,33,work
8,1778235156402,1778235156511,80,0,29,109,75,work
9,1778235158402,1778235158467,45,0,20,65,60,work
0,1778235160403,1778235160389,44,1,-59,-14,54,work
1,1778235162403,1778235162592,71,0,118,189,19,work
2,1778235164404,1778235164495,44,0,47,91,67,work
3,1778235166405,1778235166544,49,1,89,139,17,work
4,1778235168405,1778235168499,44,0,50,94,3,work
5,1778235170406,1778235170449,51,0,-8,43,70,work
6,1778235172407,1778235172653,50,1,195,246,95,work
7,1778235174407,1778235174420,44,0,-31,13,10,work
8,1778235176408,1778235176473,43,1,21,65,6,work
9,1778235178409,1778235178427,43,1,-26,18,67,work
10,1778235180409,1778235180396,44,0,-57,-13,31,work
11,1778235182410,1778235182413,37,1,-35,3,44,work
12,1778235184410,1778235184464,67,1,-14,54,52,work
13,1778235186411,1778235186419,43,1,-36,8,12,work
14,1778235188412,1778235188460,55,0,-7,48,79,work
15,1778235190412,1778235190504,44,0,48,92,7,work
16,1778235192413,1778235192550,41,1,95,137,35,work
17,1778235194414,1778235194417,62,0,-59,3,46,work
18,1778235196414,1778235196443,43,1,-15,29,39,work
19,1778235198415,1778235198490,43,1,31,75,6,work
20,1778235200415,1778235200436,43,1,-23,21,99,work
21,1778235202417,1778235202485,51,1,16,68,26,work
22,1778235204417,1778235204430,44,0,-31,13,41,work
23,1778235206418,1778235206482,44,1,19,64,10,work
24,1778235208418,1778235208427,44,0,-35,9,13,work
25,1778235210419,1778235210482,65,1,-3,63,62,work
26,1778235212420,1778235212416,44,0,-48,-4,30,work
27,1778235214420,1778235214469,46,0,3,49,25,work
28,1778235216421,1778235216559,44,0,94,138,58,work
29,1778235218422,1778235218583,50,0,111,161,76,work
30,1778235220422,1778235220617,46,0,149,195,32,work
31,1778235222423,1778235222571,109,0,39,148,74,work
32,1778235224423,1778235224509,50,0,36,86,39,work
0,1778235226462,1778235226446,-5,0,-11,-16,25,home
1,1778235228462,1778235228495,24,1,8,33,31,home
2,1778235230463,1778235230451,-4,0,-8,-12,17,home
3,1778235232464,1778235232489,-1,0,26,25,52,home
4,1778235234464,1778235234513,12,0,37,49,1,home
5,1778235236465,1778235236482,6,0,11,17,60,home
6,1778235238465,1778235238532,-5,0,72,67,1,home
7,1778235240466,1778235240436,-7,1,-24,-30,53,home
8,1778235242466,1778235242455,7,0,-18,-11,41,home
0,1778235244467,1778235244474,-6,0,13,7,28,home
1,1778235246468,1778235246454,11,1,-26,-14,25,home
2,1778235248468,1778235248441,-5,1,-23,-27,47,home
3,1778235250469,1778235250524,21,0,34,55,84,home
4,1778235252469,1778235252460,-7,1,-3,-9,80,home
5,1778235254470,1778235254440,-6,0,-24,-30,75,home
6,1778235256470,1778235256644,11,0,163,174,40,home
7,1778235258471,1778235258500,7,1,21,29,80,home
8,1778235260472,1778235260467,-6,0,1,-5,93,home
9,1778235262472,1778235262493,-1,1,21,21,84,home
10,1778235264473,1778235264545,74,0,-2,72,66,home
11,1778235266473,1778235266488,20,1,-6,15,53,home
12,1778235268474,1778235268493,-10,1,28,19,100,home
13,1778235270474,1778235270482,6,0,2,8,10,home
14,1778235272475,1778235272506,-9,0,40,31,26,home
15,1778235274476,1778235274487,1,0,10,11,32,home
16,1778235276476,1778235276461,-6,0,-9,-15,9,home
17,1778235278477,1778235278465,2,1,-15,-12,78,home
18,1778235280477,1778235280518,-5,0,46,41,60,home
19,1778235282478,1778235282474,-6,0,2,-4,20,home
20,1778235284478,1778235284518,-4,0,44,40,85,home
21,1778235286479,1778235286763,-6,0,290,284,58,home
22,1778235288480,1778235288504,-4,0,28,24,47,home
23,1778235290480,1778235290560,-4,1,83,80,25,home
24,1778235292481,1778235292507,-7,1,32,26,84,home
25,1778235294481,1778235294548,-5,0,72,67,72,home
26,1778235296482,1778235296488,-2,1,7,6,58,home
27,1778235298482,1778235298692,24,1,185,210,23,home
28,1778235300483,1778235300588,-6,0,111,105,61,home
29,1778235302484,1778235302509,24,0,1,25,3,home
30,1778235304484,1778235304581,9,0,88,97,49,home
31,1778235306485,1778235306514,42,0,-13,29,42,home
0,1778235309358,1778235309325,0,0,-33,-33,42,mobile
1,1778235311359,1778235311352,0,0,-7,-7,34,mobile
2,1778235313359,1778235313329,0,0,-30,-30,71,mobile
3,1778235315360,1778235315322,0,0,-38,-38,34,mobile
4,1778235317361,1778235317361,0,0,0,0,40,mobile
5,1778235319362,1778235319342,0,0,-20,-20,0,mobile
6,1778235321362,1778235321327,0,0,-35,-35,80,mobile
7,1778235323363,1778235323430,0,0,67,67,16,mobile
8,1778235325364,1778235325367,0,0,3,3,62,mobile
0,1778235327365,1778235327415,0,0,50,50,77,mobile
1,1778235329365,1778235329374,0,0,9,9,58,mobile
2,1778235331366,1778235331354,0,0,-12,-12,52,mobile
3,1778235333367,1778235333337,0,0,-30,-30,90,mobile
4,1778235335368,1778235335541,0,0,173,173,21,mobile
5,1778235337368,1778235337745,0,0,377,377,9,mobile
6,1778235339369,1778235339608,0,0,239,239,24,mobile
7,1778235341370,1778235341346,0,0,-24,-24,66,mobile
8,1778235343371,1778235343398,0,0,27,27,67,mobile
9,1778235345372,1778235345452,0,0,80,80,3,mobile
10,1778235347373,1778235347481,0,0,108,108,3,mobile
11,1778235349374,1778235349430,0,0,56,56,43,mobile
12,1778235351374,1778235351374,0,0,0,0,35,mobile
13,1778235353375,1778235353345,0,0,-30,-30,99,mobile
14,1778235355376,1778235355379,0,0,3,3,47,mobile
15,1778235357377,1778235357637,0,0,260,260,12,mobile
16,1778235359378,1778235359484,0,0,106,106,25,mobile
17,1778235361379,1778235361554,0,0,175,175,100,mobile
18,1778235363379,1778235363529,0,0,150,150,38,mobile
19,1778235365380,1778235365406,0,0,26,26,60,mobile
20,1778235367381,1778235367354,0,0,-27,-27,67,mobile
21,1778235369382,1778235369346,0,0,-36,-36,34,mobile
22,1778235371382,1778235371391,0,0,9,9,90,mobile
23,1778235373383,1778235373592,0,0,209,209,82,mobile
24,1778235375384,1778235375459,0,0,75,75,95,mobile
25,1778235377385,1778235377663,0,0,278,278,1,mobile
26,1778235379385,1778235379431,0,0,46,46,65,mobile
27,1778235381386,1778235381349,0,0,-37,-37,95,mobile
28,1778235383387,1778235383439,0,0,52,52,28,mobile
29,1778235385388,1778235385370,0,0,-18,-18,61,mobile
30,1778235387388,1778235387431,0,0,43,43,30,mobile
31,1778235389389,1778235389478,0,0,89,89,83,mobile
0,1778235392433,1778235392419,45,0,-59,-14,65,work
1,1778235394434,1778235394440,65,0,-59,6,45,work
2,1778235396434,1778235396422,45,0,-57,-12,31,work
3,1778235398435,1778235398489,45,0,9,54,10,work
4,1778235400435,1778235400531,45,1,50,96,13,work
5,1778235402436,1778235402477,75,0,-34,41,72,work
6,1778235404437,1778235404510,61,0,12,73,76,work
7,1778235406438,1778235406468,44,1,-15,30,1,work
8,1778235408438,1778235408519,48,1,32,81,55,work
9,1778235410439,1778235410722,52,1,230,283,58,work
0,1778235412439,1778235412625,49,1,136,186,39,work
1,1778235414440,1778235414533,52,0,41,93,51,work
2,1778235416441,1778235416607,43,0,123,166,78,work
3,1778235418442,1778235418552,62,0,48,110,36,work
4,1778235420442,1778235420609,45,1,121,167,99,work
5,1778235422443,1778235422546,63,0,40,103,49,work
6,1778235424444,1778235424475,48,0,-17,31,5,work
7,1778235426444,1778235426436,46,0,-54,-8,43,work
8,1778235428445,1778235428437,51,0,-59,-8,2,work
9,1778235430446,1778235430449,58,0,-55,3,36,work
10,1778235432446,1778235432446,46,1,-47,0,23,work
11,1778235434447,1778235434524,51,1,25,77,82,work
12,1778235436447,1778235436480,46,1,-14,33,38,work
13,1778235438448,1778235438528,45,1,34,80,51,work
14,1778235440449,1778235440732,67,0,216,283,67,work
15,1778235442449,1778235442512,46,0,17,63,49,work
16,1778235444450,1778235444458,55,1,-48,8,30,work
17,1778235446451,1778235446504,49,0,4,53,72,work
18,1778235448451,1778235448457,46,0,-40,6,12,work
19,1778235450452,1778235450511,60,0,-1,59,36,work
20,1778235452452,1778235452554,45,1,56,102,24,work
21,1778235454453,1778235454494,50,0,-9,41,57,work
22,1778235456454,1778235456447,46,0,-53,-7,41,work
23,1778235458454,1778235458651,88,0,109,197,16,work
24,1778235460455,1778235460488,44,1,-12,33,34,work
25,1778235462455,1778235462486,72,0,-41,31,19,work
26,1778235464456,1778235464513,93,0,-36,57,55,work
27,1778235466457,1778235466516,109,0,-50,59,73,work
28,1778235468457,1778235468466,42,0,-33,9,41,work
29,1778235470458,1778235470670,45,0,167,212,13,work
30,1778235472459,1778235472617,87,0,71,158,70,work
31,1778235474459,1778235474559,70,1,29,100,75,work
0,1778235476503,1778235476509,-4,0,10,6,56,home
1,1778235478504,1778235478556,6,1,45,52,34,home
2,1778235480505,1778235480516,14,1,-4,11,38,home
3,1778235482505,1778235482720,30,1,184,215,77,home
4,1778235484506,1778235484478,-4,1,-25,-28,79,home
5,1778235486506,1778235486485,-3,1,-19,-21,7,home
6,1778235488507,1778235488479,-9,0,-19,-28,23,home
7,1778235490507,1778235490503,-4,0,0,-4,58,home
8,1778235492508,1778235492589,-5,0,86,81,86,home
0,1778235494509,1778235494531,-1,1,22,22,93,home
1,1778235496509,1778235496575,-3,1,68,66,26,home
2,1778235498510,1778235498528,-1,1,18,18,42,home
3,1778235500510,1778235500494,-5,1,-12,-16,49,home
4,1778235502511,1778235502508,-4,0,1,-3,62,home
5,1778235504512,1778235504574,-5,0,67,62,47,home
6,1778235506512,1778235506615,3,0,100,103,16,home
7,1778235508513,1778235508660,-8,0,155,147,33,home
8,1778235510513,1778235510506,-4,0,-3,-7,69,home
9,1778235512514,1778235512554,18,0,22,40,65,home
10,1778235514515,1778235514482,-5,0,-28,-33,7,home
11,1778235516515,1778235516548,11,0,22,33,32,home
12,1778235518516,1778235518498,-8,0,-10,-18,3,home
13,1778235520517,1778235520512,11,1,-17,-5,11,home
14,1778235522517,1778235522530,10,1,2,13,68,home
15,1778235524518,1778235524502,-5,1,-12,-16,44,home
16,1778235526518,1778235526505,12,0,-25,-13,84,home
17,1778235528519,1778235528495,-4,1,-21,-24,55,home
18,1778235530519,1778235530492,-4,1,-24,-27,90,home
19,1778235532520,1778235532525,-2,0,7,5,89,home
20,1778235534521,1778235534520,-4,0,3,-1,24,home
21,1778235536522,1778235536500,0,0,-22,-22,32,home
22,1778235538523,1778235538518,23,1,-29,-5,74,home
23,1778235540523,1778235540507,5,0,-21,-16,20,home
24,1778235542524,1778235542560,22,0,14,36,99,home
25,1778235544525,1778235544506,-5,1,-15,-19,63,home
26,1778235546525,1778235546554,6,0,23,29,60,home
27,1778235548526,1778235548613,1,1,85,87,77,home
28,1778235550526,1778235550547,6,0,15,21,74,home
29,1778235552527,1778235552753,14,1,211,226,80,home
30,1778235554527,1778235554542,2,0,13,15,10,home
31,1778235556528,1778235556746,13,1,204,218,93,home
32,1778235558529,1778235558647,-4,1,121,118,91,home
0,1778235559400,1778235559367,0,0,-33,-33,69,mobile
1,1778235561401,1778235561408,0,0,7,7,84,mobile
2,1778235563402,1778235563459,0,0,57,57,80,mobile
3,1778235565403,1778235565396,0,0,-7,-7,50,mobile
4,1778235567403,1778235567600,0,0,197,197,7,mobile
5,1778235569404,1778235569490,0,0,86,86,23,mobile
6,1778235571405,1778235571373,0,0,-32,-32,89,mobile
7,1778235573406,1778235573384,0,0,-22,-22,29,mobile
8,1778235575406,1778235575391,0,0,-15,-15,7,mobile
0,1778235577407,1778235577373,0,0,-34,-34,76,mobile
1,1778235579408,1778235579576,0,0,168,168,53,mobile
2,1778235581409,1778235583112,0,0,1703,1703,35,mobile
3,1778235583409,1778235583417,0,0,8,8,74,mobile
4,1778235585410,1778235585463,0,0,53,53,77,mobile
5,1778235587411,1778235587419,0,0,8,8,10,mobile
6,1778235589412,1778235589623,0,0,211,211,77,mobile
7,1778235591412,1778235591403,0,0,-9,-9,56,mobile
8,1778235593413,1778235593451,0,0,38,38,18,mobile
9,1778235595414,1778235595403,0,0,-11,-11,40,mobile
10,1778235597415,1778235597446,0,0,31,31,60,mobile
11,1778235599416,1778235599376,0,0,-40,-40,63,mobile
12,1778235601416,1778235601654,0,0,238,238,36,mobile
13,1778235603417,1778235603552,0,0,135,135,65,mobile
14,1778235605418,1778235605445,0,0,27,27,37,mobile
15,1778235607418,1778235607545,0,0,127,127,98,mobile
16,1778235609419,1778235609429,0,0,10,10,52,mobile
17,1778235611420,1778235611634,0,0,214,214,61,mobile
18,1778235613421,1778235613518,0,0,97,97,4,mobile
19,1778235615421,1778235615465,0,0,44,44,33,mobile
20,1778235617422,1778235617514,0,0,92,92,33,mobile
21,1778235619423,1778235619497,0,0,74,74,71,mobile
22,1778235621423,1778235621512,0,0,89,89,52,mobile
23,1778235623424,1778235623716,0,0,292,292,71,mobile
24,1778235625425,1778235625403,0,0,-22,-22,68,mobile
25,1778235627426,1778235627607,0,0,181,181,56,mobile
26,1778235629426,1778235629508,0,0,82,82,36,mobile
27,1778235631427,1778235631457,0,0,30,30,28,mobile
28,1778235633428,1778235633661,0,0,233,233,65,mobile
29,1778235635429,1778235635440,0,0,11,11,60,mobile
30,1778235637429,1778235637706,0,0,277,277,46,mobile
31,1778235639430,1778235639431,0,0,1,1,69,mobile
32,1778235641431,1778235641404,0,0,-27,-27,88,mobile
0,1778235642470,1778235642506,36,0,0,36,26,work
1,1778235644470,1778235644705,34,0,201,235,28,work
2,1778235646471,1778235646709,41,0,197,238,43,work
3,1778235648471,1778235648457,36,1,-51,-14,45,work
4,1778235650472,1778235650511,90,1,-52,39,17,work
5,1778235652472,1778235652455,31,1,-49,-17,64,work
6,1778235654473,1778235654479,49,1,-44,6,61,work
7,1778235656474,1778235656541,60,0,7,67,16,work
8,1778235658474,1778235658988,145,0,369,514,24,work
9,1778235660474,1778235660468,39,0,-45,-6,11,work
0,1778235662475,1778235662472,35,0,-38,-3,98,work
1,1778235664475,1778235664476,48,0,-47,1,69,work
2,1778235666476,1778235666679,34,0,169,203,52,work
3,1778235668477,1778235668724,40,0,207,247,45,work
4,1778235670477,1778235670483,32,0,-26,6,61,work
5,1778235672478,1778235672475,46,1,-50,-3,75,work
6,1778235674479,1778235674553,73,0,1,74,10,work
7,1778235676479,1778235676604,45,1,79,125,70,work
8,1778235678480,1778235678547,32,1,34,67,28,work
9,1778235680480,1778235680491,37,0,-26,11,72,work
